"model","n","n_ok","MAE","RMSE","Bias","R2"
"GAM",60,43,0.370460787441606,0.462096571991433,0.0529977405380103,0.880616340724724
"RF",60,43,0.368890391380668,0.561205387848535,0.0179550119517723,0.834421790410656
"OK",60,60,0.624280888695576,0.932870099902669,-0.0671414673790965,0.424446997347328
"IDW",60,60,0.792185845750142,1.02362391821188,-0.126730333224697,0.358004772746949
"Voronoi",60,60,0.728463944634099,1.1690322503472,-0.165454696995269,0.346099074221861
"KED",60,0,NA,NA,NA,NA
