"method","RMSE","MAE","Bias","R_star","block_size"
"OK",1.71274008601745,1.47514847340232,-0.21853233564955,56.859281007036,56.859281007036
"RF",1.2512729083055,1.00205231292517,0.0566206462585043,56.859281007036,56.859281007036
"Trend",1.32594517774357,1.0935306137577,0.216898786195352,56.859281007036,56.859281007036
"GAM",1.32594549697235,1.09353077353879,0.216898834637381,56.859281007036,56.859281007036
"IDW",1.11563277738319,0.846935955064976,0.10602115543548,56.859281007036,56.859281007036
"Voronoi",1.25681365244181,0.872959066897023,-0.0525508763838788,56.859281007036,56.859281007036
"KED",1.83967207395258,1.61684862251917,-0.292238008350086,56.859281007036,56.859281007036
