"component","formula","value","squared"
"Bias","Bias^2",0.238123344095599,0.056702727003271
"Sensor (σ_inst)","σ_inst^2",0.5,0.25
"Scale mismatch","(α σ_proc g(R/L))^2",0.0923285405117503,0.00852455939302992
"Model rest","σ_model^2",1.62941344343969,2.654988169662
"Total (RMSE)","—",1.72343130297041,2.9702154560583
